"Reference","Value","Footprint","LCSC","Qty"
"R2,R3,R5,R7,R10","1K","Resistor_SMD:R_0603_1608Metric"," C25585 ","5"
"ESC_1,ESC_2,Servo_1,Servo_2","Conn_01x03_Pin","Connector_JST:JST_EH_S3B-EH_1x03_P2.50mm_Horizontal","","4"
"C8,C9,C15,C16","10uF","Capacitor_SMD:C_0603_1608Metric","C1691","4"
"C2,C3,C13,C14","100nF","Capacitor_SMD:C_0603_1608Metric","C14663","4"
"R4,R6,R8","10K","Resistor_SMD:R_0603_1608Metric","C2889392","3"
"D1,D2,D3","LED","LED_SMD:LED_0805_2012Metric","C84256","3"
"C6,C7,C10","0.1uF","Capacitor_SMD:C_0603_1608Metric","C14663","3"
"C1,C4,C5","4.7uF","Capacitor_SMD:C_0603_1608Metric","C8032","3"
"Q1,Q2","2SC4213","Package_TO_SOT_SMD:SOT-323_SC-70","C516169","2"
"I2C_1,I2C_2","Conn_01x04_Pin","Connector_JST:JST_EH_S4B-EH_1x04_P2.50mm_Horizontal","","2"
"BOOT1,RESET1","SW_Push","Button_Switch_SMD:SW_SPST_PTS647_Sx38","","2"
"USB_C1","USB_C_Plug_USB2.0","Connector_USB:USB_C_Plug_ShenzhenJingTuoJin_918-118A2021Y40002_Vertical","C3039304","1"
"U6","AMS1117-3.3","Package_TO_SOT_SMD:SOT-223-3_TabPin2","C6186","1"
"U5","CH340C","Package_SO:SOIC-16_3.9x9.9mm_P1.27mm","C84681","1"
"U4","ESP32-WROOM-32","RF_Module:ESP32-WROOM-32","C82899","1"
"U3","TB6612FNG","Package_SO:SSOP-24_5.3x8.2mm_P0.65mm","C141517","1"
"U2","TPS63000","Package_SON:Texas_DRC0010J_ThermalVias","C116655","1"
"U1","L7805","Package_TO_SOT_SMD:TO-263-3_TabPin4","C71106","1"
"R9","5K1","Resistor_SMD:R_0603_1608Metric","C2907114","1"
"R1","100","Resistor_SMD:R_0603_1608Metric","C25201","1"
"MOTOR_2","M2","Connector_JST:JST_EH_S2B-EH_1x02_P2.50mm_Horizontal","","1"
"MOTOR_1","M1","Connector_JST:JST_EH_S2B-EH_1x02_P2.50mm_Horizontal","","1"
"L1","2.2uH","Inductor_SMD:L_0603_1608Metric","C337911","1"
"C12","1u","Capacitor_SMD:C_0603_1608Metric","C14445","1"
"C11","100n","Capacitor_SMD:C_0603_1608Metric","C14663","1"
"Buzzer1","Conn_01x02_Pin","Connector_Wire:SolderWire-0.25sqmm_1x02_P4.2mm_D0.65mm_OD1.7mm","","1"
"Battery_12V1","Battery 12V","Connector_AMASS:AMASS_XT30PW-M_1x02_P2.50mm_Horizontal","","1"
